Date,Calgary (CER) Unemployment rate (%),Alberta Unemployment Rate (%),Canada Unemployment rate (%),Calgary (CER) Total Employment ('000 Persons),Calgary (CER) Total Employment month-over-month change ('000 Persons),Calgary (CER) Total Employment year-over-year change ('000 Persons),Calgary (CMA) Average Hourly Wage Rate ($),City of Calgary Building Permits Residential Value ($),City of Calgary Building Permits Non-Residential Value ($),Calgary (City) Total Housing Starts (units),Calgary (CMA) Total Housing Starts (units),Calgary (CER) Retail Sales ($billions),Calgary (CMA) Inflation Rate (%change)
2024/09,0.07,0.07,0.07,1004.1,-2.9,20.7,38.80,627640146.47,198305484.00,,,,0.02
1992/02,0.11,0.10,0.11,404.7,,,,,,349,404,,0.02
1992/03,0.11,0.10,0.12,404.9,,,,,,540,593,,0.02
1992/04,0.11,0.10,0.12,407.3,,,,,,740,807,,0.02
1992/05,0.10,0.10,0.12,412.2,,,,,,703,778,,0.01
1992/06,0.09,0.09,0.11,420,,,,,,634,705,,0.01
1992/07,0.09,0.09,0.11,427.3,,,,,,479,539,,0.01
1992/08,0.09,0.09,0.11,432.8,,,,,,484,554,,0.01
1992/09,0.09,0.09,0.11,430,,,,,,466,604,,0.01
1992/10,0.09,0.09,0.11,425.5,,,,,,464,542,,0.01
1992/11,0.10,0.09,0.11,419.9,,,,,,526,621,,0.02
1992/12,0.10,0.09,0.11,416.6,,,,,,521,587,,0.01
1993/01,0.11,0.10,0.12,412.1,,,,,,262,312,,0.02
1993/02,0.10,0.10,0.12,411.7,,,,,,416,462,,0.02
1993/03,0.10,0.10,0.12,409.9,,,,,,436,480,,0.00
1993/04,0.10,0.10,0.12,412,,,,,,620,682,,0.01
1993/05,0.11,0.10,0.12,411.6,,,,,,498,559,,0.01
1993/06,0.11,0.10,0.12,417.2,,,,,,495,589,,0.01
1993/07,0.11,0.10,0.12,423.7,,,,,,615,719,,0.02
1993/08,0.11,0.10,0.11,429.4,,,,,,349,429,,0.02
1993/09,0.11,0.10,0.11,429,,,,,,465,535,,0.02
1993/10,0.10,0.09,0.11,428.2,,,,,,562,726,,0.02
1993/11,0.10,0.09,0.11,428.6,,,,,,480,558,,0.01
1993/12,0.09,0.09,0.11,431.9,,,,,,509,578,,0.02
1994/01,0.10,0.10,0.12,430.5,,,,,,356,417,,0.01
1994/02,0.10,0.10,0.12,427.3,,,,,,345,416,,0.01
1994/03,0.11,0.10,0.12,423.3,,,,,,358,398,,0.02
1994/04,0.10,0.10,0.12,421.2,,,,,,658,768,,0.02
1994/05,0.10,0.10,0.11,422.1,,,,,,563,641,,0.01
1994/06,0.10,0.09,0.11,425.7,,,,,,558,624,,0.01
1994/07,0.10,0.10,0.10,430.5,,,,,,646,764,,0.01
1994/08,0.10,0.09,0.10,433.9,,,,,,522,591,,0.01
1994/09,0.09,0.09,0.10,435.6,,,,,,520,605,,0.01
1994/10,0.09,0.08,0.10,439,,,,,,603,667,,0.02
1994/11,0.08,0.08,0.09,442.5,,,,,,450,525,,0.02
1994/12,0.08,0.08,0.09,444.5,,,,,,413,461,,0.02
1995/01,0.08,0.08,0.10,441.7,,,,,,322,363,,0.02
1995/02,0.08,0.08,0.10,438.5,,,,,,257,307,,0.02
1995/03,0.09,0.08,0.11,436.8,,,,,,243,283,,0.03
1995/04,0.09,0.08,0.10,439.2,,,,,,452,513,,0.03
1995/05,0.09,0.08,0.10,443,,,,,,378,426,,0.03
1995/06,0.08,0.08,0.10,450.6,,,,,,399,495,,0.03
1995/07,0.08,0.08,0.10,460.6,,,,,,590,670,,0.03
1995/08,0.08,0.08,0.10,467.7,,,,,,493,563,,0.02
1995/09,0.08,0.08,0.09,467.7,,,,,,451,523,,0.02
1995/10,0.08,0.07,0.09,465.1,,,,,,489,557,,0.02
1995/11,0.08,0.07,0.09,461.6,,,,,,442,492,,0.02
1995/12,0.08,0.07,0.09,460.8,,,,,,422,493,,0.01
1996/01,0.08,0.08,0.10,455.9,,,,,,259,295,,0.02
1996/02,0.08,0.08,0.10,456.1,,,,,,297,314,,0.01
1996/03,0.08,0.08,0.10,458.3,,,,,,426,508,,0.02
1996/04,0.07,0.08,0.10,466.7,,,,,,487,525,,0.02
1996/05,0.07,0.07,0.10,476.8,,,,,,628,711,,0.02
1996/06,0.07,0.07,0.10,486.3,,,,,,684,767,,0.02
1996/07,0.07,0.07,0.10,494,,,,,,552,662,,0.02
1996/08,0.07,0.07,0.10,494.9,,,,,,611,731,,0.02
1996/09,0.07,0.07,0.10,493.3,,,,,,605,711,,0.02
1996/10,0.06,0.06,0.09,487.5,,,,,,493,572,,0.02
1996/11,0.06,0.06,0.09,483.7,,,,,,593,650,,0.02
1996/12,0.06,0.06,0.09,481.1,,,,,,592,665,,0.03
1997/01,0.06,0.06,0.10,482.3,,,,,,404,485,,0.03
1997/02,0.06,0.06,0.10,482.1,,,,,,891,1006,,0.03
1997/03,0.07,0.07,0.10,483.5,,,15.45,,,862,968,0.79,0.03
1997/04,0.07,0.07,0.10,481.3,,,15.53,,,865,962,0.80,0.02
1997/05,0.07,0.06,0.10,485.2,,,15.57,,,939,1070,0.81,0.02
1997/06,0.06,0.06,0.10,489.7,,,15.60,,,717,850,0.81,0.03
1997/07,0.06,0.06,0.09,496.6,,,15.55,,,919,1046,0.81,0.02
1997/08,0.06,0.06,0.09,500.8,,,15.50,,,774,912,0.80,0.02
1997/09,0.06,0.06,0.09,505.7,,,15.50,,,680,804,0.80,0.02
1997/10,0.05,0.05,0.09,514.9,,,15.43,,,754,853,0.84,0.02
1997/11,0.05,0.05,0.08,521.2,,,15.40,,,1014,1155,0.85,0.02
1997/12,0.05,0.05,0.08,523.7,,,15.44,,,947,1104,0.90,0.02
1998/01,0.05,0.05,0.09,523.7,,,15.49,,,617,689,0.88,0.01
1998/02,0.05,0.06,0.09,525,,,15.62,,,1216,1324,0.87,0.00
1998/03,0.05,0.06,0.09,521.5,,,15.65,,,731,858,0.85,0.01
1998/04,0.05,0.06,0.09,521,,,15.72,,,991,1126,0.88,0.01
1998/05,0.05,0.06,0.09,522.2,,,15.71,,,1052,1319,0.88,0.02
1998/06,0.05,0.05,0.09,530.7,,,15.78,,,955,1077,0.87,0.02
1998/07,0.05,0.06,0.08,536,,,15.77,,,937,1085,0.87,0.02
1998/08,0.05,0.06,0.08,541.7,,,15.67,,,923,1095,0.87,0.02
1998/09,0.06,0.06,0.08,544.3,,,15.67,,,756,947,0.86,0.02
1998/10,0.06,0.06,0.08,542,,,15.81,,,839,1001,0.84,0.01
1998/11,0.06,0.06,0.08,537.5,,,16.15,,,777,900,0.86,0.01
1998/12,0.06,0.06,0.08,535.7,,,16.35,,,951,1074,0.86,0.02
1999/01,0.05,0.06,0.08,536.2,,,16.51,,,818,897,0.88,0.02
1999/02,0.05,0.06,0.08,536.7,,,16.62,,,695,759,0.90,0.03
1999/03,0.05,0.06,0.09,537.8,,,16.59,,,605,685,0.91,0.02
1999/04,0.05,0.06,0.09,541.8,,,16.51,,,800,912,0.89,0.02
1999/05,0.05,0.06,0.09,547.8,,,16.32,,,605,690,0.89,0.02
1999/06,0.05,0.06,0.08,552.2,,,16.26,,,921,1114,0.90,0.02
1999/07,0.06,0.06,0.08,557.4,,,16.13,,,854,998,0.91,0.02
1999/08,0.06,0.06,0.08,558.4,,,16.12,,,860,996,0.90,0.03
1999/09,0.06,0.06,0.08,557.1,,,16.24,,,697,829,0.91,0.03
1999/10,0.06,0.06,0.07,552.7,,,16.42,,,907,1014,0.93,0.04
1999/11,0.06,0.05,0.07,551.1,,,16.55,,,752,851,0.93,0.04
1999/12,0.06,0.05,0.07,554,,,16.65,,,739,855,0.95,0.03
2000/01,0.06,0.05,0.07,557.7,,,16.86,75445234.27,87338794.66,622,731,0.94,0.03
2000/02,0.05,0.05,0.07,562.1,,,16.95,72596566.27,75436719.00,659,731,0.97,0.03
2000/03,0.05,0.05,0.07,563.7,,,16.90,86669552.25,102661545.82,713,803,0.98,0.04
2000/04,0.05,0.05,0.07,566.3,,,16.89,95339015.17,79531876.00,965,1103,0.97,0.04
2000/05,0.05,0.05,0.07,573.1,,,16.90,110006862.46,95819903.07,871,977,0.99,0.04
2000/06,0.05,0.05,0.07,579.2,,,16.97,149838613.71,79120074.52,855,952,1.01,0.04
2000/07,0.05,0.05,0.07,582.7,,,16.92,93890898.73,48316498.00,830,988,1.02,0.04
2000/08,0.05,0.05,0.07,581.1,,,16.89,107410352.34,74206435.90,751,909,1.03,0.04
2000/09,0.05,0.05,0.07,582.2,,,16.99,68907168.61,87570062.00,774,924,1.04,0.04
2000/10,0.04,0.05,0.07,585.3,,,17.11,110113186.77,132257511.00,869,1031,1.03,0.03
2000/11,0.04,0.05,0.06,588.6,,,17.19,84791053.94,32641945.00,939,1034,1.05,0.04
2000/12,0.04,0.05,0.06,589,,,17.15,60796948.71,33232806.84,800,910,1.05,0.04
2001/01,0.04,0.05,0.07,586.1,,,17.20,66151802.46,42503255.50,601,680,1.06,0.02
2001/02,0.05,0.05,0.07,582.8,,,17.48,77067495.09,42195167.27,577,643,1.04,0.04
2001/03,0.05,0.05,0.08,576.6,,,17.75,79988255.45,95070126.00,659,727,1.07,0.03
2001/04,0.05,0.05,0.08,580.7,4.1,,18.10,106297909.89,72304445.64,887,977,1.09,0.03
2001/05,0.04,0.05,0.07,587.9,7.2,,18.26,117068205.40,109429879.40,945,1081,1.11,0.06
2001/06,0.04,0.05,0.07,600.9,13,,18.33,104927593.73,71219755.00,884,1091,1.14,0.06
2001/07,0.04,0.05,0.07,610.1,9.2,,18.08,113678568.54,78821189.76,958,1108,1.13,0.03
2001/08,0.05,0.05,0.07,612.9,2.8,,17.75,122471036.50,57412357.00,845,963,1.13,0.03
2001/09,0.05,0.04,0.07,613.9,1,,17.61,67079779.96,47332302.69,796,953,1.08,0.03
2001/10,0.05,0.04,0.07,610.3,-3.6,,17.76,104851190.41,57708555.00,924,1092,1.11,0.02
2001/11,0.04,0.04,0.07,610.2,-0.1,,18.14,120916667.94,85822181.30,848,1022,1.15,-0.03
2001/12,0.04,0.04,0.07,610.9,0.7,,18.46,75954916.30,48822105.00,943,1012,1.20,-0.02
2002/01,0.05,0.05,0.08,609,-1.9,,18.68,91154682.94,32992711.68,886,992,1.23,0.03
2002/02,0.05,0.05,0.08,606.2,-2.8,,18.85,105547066.78,38998030.94,844,965,1.20,0.01
2002/03,0.05,0.05,0.08,605.1,-1.1,28.5,19.13,142476752.05,45105989.68,762,855,1.18,0.03
2002/04,0.06,0.06,0.08,607.4,2.3,26.7,19.36,178512153.29,63427877.76,1102,1207,1.23,0.04
2002/05,0.06,0.06,0.08,607.2,-0.2,19.3,19.47,141117954.65,94276137.00,1068,1292,1.25,0.01
2002/06,0.06,0.06,0.08,609.9,2.7,9,19.39,164043354.87,54290605.62,1351,1563,1.25,0.01
2002/07,0.06,0.06,0.08,615.6,5.7,5.5,19.04,172549893.59,65087287.66,686,865,1.22,0.03
2002/08,0.06,0.05,0.08,625.1,9.5,12.2,18.80,121185172.44,62217577.13,1484,1715,1.23,0.02
2002/09,0.06,0.05,0.08,624.7,-0.4,10.8,18.69,110118816.06,69751623.21,1124,1328,1.18,0.04
2002/10,0.06,0.05,0.07,618.8,-5.9,8.5,18.63,142319997.86,45283573.64,1174,1342,1.20,0.05
2002/11,0.06,0.05,0.07,614.3,-4.5,4.1,18.57,102040156.69,40915615.50,1111,1296,1.21,0.10
2002/12,0.05,0.05,0.07,616.3,2,5.4,18.52,142065581.40,37999846.00,770,919,1.20,0.08
2003/01,0.05,0.05,0.07,616,-0.3,7,18.63,106544741.37,109066267.00,675,814,1.20,0.07
2003/02,0.05,0.05,0.08,616.8,0.8,10.6,18.83,109988719.44,78739695.67,1587,1731,1.23,0.06
2003/03,0.06,0.06,0.08,612.5,-4.3,7.4,18.90,106851080.02,67865063.00,1118,1250,1.22,0.06
2003/04,0.06,0.06,0.08,614.1,1.6,6.7,18.93,135699448.53,69647329.00,1238,1417,1.23,0.04
2003/05,0.06,0.06,0.08,619.5,5.4,12.3,18.75,146681992.28,71017189.27,971,1105,1.23,0.03
2003/06,0.05,0.06,0.08,631,11.5,21.1,18.54,143857414.19,210415268.00,967,1149,1.24,0.03
2003/07,0.05,0.05,0.08,640.8,9.8,25.2,18.43,110799024.08,45638089.50,954,1130,1.24,0.03
2003/08,0.05,0.05,0.08,643.5,2.7,18.4,18.47,95900886.39,132146951.00,854,1001,1.25,0.03
2003/09,0.05,0.05,0.08,640.4,-3.1,15.7,18.71,119446648.62,37712834.67,919,1055,1.22,0.02
2003/10,0.05,0.05,0.07,636.7,-3.7,17.9,19.04,155252274.86,51900690.66,757,869,1.24,0.02
2003/11,0.05,0.04,0.07,635.3,-1.4,21,19.18,119996109.76,51505376.00,755,950,1.27,0.01
2003/12,0.05,0.04,0.07,639.1,3.8,22.8,19.09,122597904.80,42550618.00,1082,1171,1.30,0.01
2004/01,0.05,0.05,0.07,641.5,2.4,25.5,18.91,83385075.88,19867557.00,682,785,1.28,0.02
2004/02,0.05,0.05,0.08,640.9,-0.6,24.1,18.69,97818521.34,63547666.00,1167,1271,1.37,0.01
2004/03,0.06,0.05,0.08,637.8,-3.1,25.3,18.54,193787990.47,59805952.04,1054,1197,1.33,0.00
2004/04,0.06,0.05,0.08,641.6,3.8,27.5,18.32,128157311.12,179819403.00,948,1057,1.29,0.01
2004/05,0.05,0.05,0.08,647.5,5.9,28,18.44,135886164.42,54988652.00,732,865,1.28,0.02
2004/06,0.05,0.04,0.07,655.9,8.4,24.9,18.60,143541425.12,68822435.65,1555,1832,1.31,0.02
2004/07,0.05,0.04,0.07,659.3,3.4,18.5,18.61,137414851.01,-37954521.96,866,1093,1.32,0.03
2004/08,0.05,0.05,0.07,662.5,3.2,19,18.61,133468671.21,64476322.18,1022,1160,1.33,0.02
2004/09,0.05,0.05,0.07,659.3,-3.2,18.9,18.72,124775978.93,39628655.00,1042,1131,1.35,0.02
2004/10,0.05,0.04,0.07,655.2,-4.1,18.5,19.09,140982539.63,36752798.00,1166,1315,1.40,0.02
2004/11,0.05,0.04,0.07,651.4,-3.8,16.1,19.41,138691714.73,55596329.58,852,1043,1.41,0.02
2004/12,0.05,0.04,0.07,649.4,-2,10.3,19.64,104794466.88,74667664.00,1108,1259,1.43,0.02
2005/01,0.05,0.04,0.07,647,-2.4,5.5,19.99,90710704.18,38124839.95,747,874,1.41,0.01
2005/02,0.05,0.04,0.07,645.1,-1.9,4.2,20.33,119015604.64,86974471.00,940,1045,1.48,0.01
2005/03,0.04,0.04,0.07,645.2,0.1,7.4,20.58,181746395.32,324802755.00,881,992,1.49,0.02
2005/04,0.04,0.04,0.07,653,7.8,11.4,20.71,175589556.01,203246332.00,1025,1161,1.52,0.02
2005/05,0.03,0.04,0.07,662.2,9.2,14.7,20.61,222266360.98,95673460.45,1264,1404,1.53,0.01
2005/06,0.03,0.04,0.07,673.9,11.7,18,20.63,138871252.75,136135534.45,815,914,1.55,0.01
2005/07,0.03,0.04,0.07,680.4,6.5,21.1,20.58,178666666.25,107196505.00,1136,1284,1.60,0.02
2005/08,0.03,0.04,0.07,680.3,-0.1,17.8,20.73,173344457.32,89261651.56,861,1029,1.60,0.02
2005/09,0.04,0.04,0.07,672.1,-8.2,12.8,21.08,136433065.23,96198734.17,1486,1669,1.58,0.03
2005/10,0.04,0.04,0.06,665,-7.1,9.8,21.43,169370131.85,194582612.00,1155,1270,1.60,0.03
2005/11,0.04,0.04,0.06,666.3,1.3,14.9,21.76,170678410.69,121048511.00,974,1100,1.65,0.03
2005/12,0.04,0.04,0.06,675.7,9.4,26.3,21.83,160477141.62,184448560.77,758,925,1.68,0.03
2006/01,0.04,0.04,0.06,684.8,7.8,36.5,22.00,146230288.21,68668668.20,964,1086,1.74,0.04
2006/02,0.04,0.04,0.07,692.5,6.5,44.9,22.20,199879362.05,94286685.29,833,1088,1.79,0.03
2006/03,0.04,0.04,0.07,699.8,9.8,54.6,22.50,270876112.27,255838154.09,1457,1670,1.78,0.03
2006/04,0.03,0.03,0.07,706,6.2,53,22.80,222383501.17,109126328.00,1078,1286,1.85,0.04
2006/05,0.03,0.04,0.07,713.7,7.7,51.5,22.90,156657125.04,193635220.36,1565,2010,1.83,0.05
2006/06,0.03,0.04,0.06,720.4,6.7,46.5,23.00,161096908.72,225469636.05,1559,1889,1.86,0.04
2006/07,0.04,0.04,0.06,726.6,6.2,46.2,23.10,307950466.03,161588305.78,1217,1412,1.91,0.05
2006/08,0.04,0.04,0.06,731,4.4,50.7,23.30,186240785.82,231105202.00,1207,1560,1.95,0.06
2006/09,0.04,0.04,0.07,732,1,59.9,23.60,196019684.36,308229637.45,810,1038,1.89,0.05
2006/10,0.04,0.04,0.06,736.3,4.3,71.3,23.70,165470988.10,277016155.47,779,1011,1.94,0.04
2006/11,0.03,0.03,0.06,737.2,0.9,70.9,23.90,219110854.19,187837120.68,1344,1497,1.93,0.05
2006/12,0.03,0.03,0.06,738.6,1.4,62.9,23.90,133672405.79,250296748.39,1320,1499,1.95,0.06
2007/01,0.03,0.04,0.06,736.2,-2.4,52.7,23.90,131193259.44,149071503.00,694,800,1.98,0.05
2007/02,0.04,0.04,0.06,730.1,-6.1,40.1,24.10,133134801.91,119550743.53,564,732,1.96,0.06
2007/03,0.04,0.04,0.07,730.6,0.5,30.8,24.30,214334231.79,272081974.00,1038,1242,2.03,0.07
2007/04,0.03,0.04,0.07,734.3,3.7,28.3,24.50,276978961.06,88211412.80,1113,1370,2.06,0.06
2007/05,0.03,0.04,0.06,742.1,7.8,28.4,24.40,278441909.64,839459498.51,1341,1633,2.10,0.05
2007/06,0.03,0.04,0.06,752.1,10,31.7,24.40,359764165.13,247015806.50,882,1060,2.08,0.06
2007/07,0.03,0.04,0.06,759.7,7.6,33.1,24.10,259505772.58,206614302.20,841,1084,2.06,0.05
2007/08,0.03,0.04,0.06,763.5,3.8,32.5,24.10,167877821.36,136161515.00,1255,1497,2.05,0.04
2007/09,0.03,0.04,0.06,757.6,-5.9,25.6,24.40,239089656.72,146288504.75,1132,1386,1.97,0.04
2007/10,0.03,0.04,0.06,750.3,-7.3,14,24.90,147164104.64,455460096.48,1071,1324,1.98,0.05
2007/11,0.03,0.04,0.06,743.5,-6.8,6.3,25.40,111041050.51,142195982.00,582,776,2.01,0.04
2007/12,0.03,0.04,0.06,743.9,0.4,5.3,25.70,168049369.78,226353599.44,434,601,2.04,0.04
2008/01,0.03,0.04,0.06,743,-0.9,6.8,25.90,118783150.65,243122658.64,482,711,2.08,0.03
2008/02,0.03,0.04,0.06,742.9,-0.1,12.8,26.00,208104831.85,211848855.59,784,877,2.06,0.03
2008/03,0.03,0.04,0.06,741.3,-1.6,10.7,25.90,101899803.00,217036395.00,2884,3068,2.06,0.03
2008/04,0.03,0.04,0.06,747,5.7,12.7,26.00,201109709.71,175151102.10,1018,1096,2.03,0.03
2008/05,0.03,0.04,0.06,757.1,10.1,15,26.00,133284432.18,283084483.34,1051,1488,2.07,0.04
2008/06,0.03,0.04,0.06,769.8,12.7,17.7,26.00,113570605.47,247249377.48,428,577,2.11,0.04
2008/07,0.03,0.04,0.06,779.8,10,20.1,25.60,80996557.99,272559921.26,768,877,2.07,0.03
2008/08,0.04,0.04,0.06,782.7,2.9,19.2,25.50,78921021.38,183614637.08,521,594,2.02,0.04
2008/09,0.04,0.04,0.06,781.7,-1,24.1,25.60,86386756.54,135812572.35,388,573,2.00,0.03
2008/10,0.04,0.04,0.06,781.3,-0.4,31,26.00,73176165.86,167850914.78,473,599,1.98,0.03
2008/11,0.04,0.04,0.06,784.8,3.5,41.3,26.20,62837670.96,335413795.31,479,575,1.92,0.02
2008/12,0.04,0.04,0.06,782.1,-2.7,38.2,26.60,44627055.59,161347314.00,330,403,1.84,0.02
2009/01,0.04,0.04,0.07,775.9,-6.2,32.9,26.90,39159110.87,103881945.01,175,243,1.87,0.02
2009/02,0.05,0.05,0.08,766.3,-9.6,23.4,26.90,56697704.26,93890866.30,169,206,1.86,0.02
2009/03,0.06,0.06,0.08,756.2,-10.1,14.9,26.70,69468965.52,130008325.48,147,297,1.80,0.01
2009/04,0.07,0.06,0.09,753,-3.2,6,26.40,142734816.32,123906279.00,266,321,1.82,-0.00
2009/05,0.07,0.07,0.09,757.6,4.6,0.5,26.30,74607369.02,473156370.72,362,480,1.84,-0.01
2009/06,0.07,0.07,0.09,766.4,8.8,-3.4,26.40,122332814.38,272707548.50,355,434,1.87,-0.01
2009/07,0.07,0.07,0.09,770.2,3.8,-9.6,26.50,129733856.42,83572554.05,586,755,1.91,-0.01
2009/08,0.07,0.07,0.09,769.1,-1.1,-13.6,26.50,148074451.83,71341272.06,432,548,1.86,-0.02
2009/09,0.07,0.07,0.09,768.7,-0.4,-13,26.60,176983156.60,100004201.77,627,813,1.85,-0.01
2009/10,0.07,0.07,0.08,763.8,-4.9,-17.5,26.80,164328684.88,366126411.27,622,732,1.86,0.00
2009/11,0.07,0.07,0.08,759.2,-4.6,-25.6,26.90,167204272.92,92785978.38,668,832,1.83,0.01
2009/12,0.08,0.07,0.08,754,-5.2,-28.1,26.70,152366953.02,299418803.58,544,657,1.86,0.00
2010/01,0.08,0.07,0.08,748.9,-5.1,-27,26.80,128134837.70,97602968.73,403,514,1.89,0.01
2010/02,0.08,0.07,0.09,746.2,-2.7,-20.1,26.80,137286826.42,52453019.32,577,743,1.93,0.01
2010/03,0.08,0.07,0.09,745.2,-1,-11,27.00,169178097.26,175950188.93,781,904,1.94,0.01
2010/04,0.07,0.07,0.09,745.7,0.5,-7.3,26.90,167785904.42,104170509.93,769,909,1.91,0.01
2010/05,0.07,0.07,0.09,749.6,3.9,-8,26.90,157476350.18,82919821.47,595,862,1.90,0.01
2010/06,0.07,0.07,0.08,757.9,8.3,-8.5,26.90,196161476.18,149930745.69,502,685,1.92,0.01
2010/07,0.07,0.07,0.08,769.8,11.9,-0.4,27.00,134435602.19,94161969.73,945,1166,1.95,0.01
2010/08,0.07,0.07,0.08,771.4,1.6,2.3,26.80,112537347.29,110151951.67,682,858,1.93,0.00
2010/09,0.07,0.06,0.08,764.7,-6.7,-4,26.80,137536670.78,86454092.62,655,796,1.93,0.01
2010/10,0.07,0.06,0.08,759.3,-5.4,-4.5,26.70,109253393.58,75020334.69,564,784,1.93,0.01
2010/11,0.06,0.06,0.07,757.5,-1.8,-1.7,26.80,123600012.48,65527665.50,412,555,1.97,0.00
2010/12,0.06,0.06,0.07,757.3,-0.2,3.3,26.80,120952091.92,117798028.00,410,486,1.98,0.01
2011/01,0.06,0.06,0.08,753.9,-3.4,5,26.90,107860773.68,662205770.21,422,518,1.94,0.01
2011/02,0.06,0.06,0.08,752.3,-1.6,6.1,27.10,109278635.99,104159454.05,488,627,1.93,0.01
2011/03,0.06,0.06,0.08,753.7,1.4,8.5,27.20,186749612.14,120676728.31,321,403,1.97,0.02
2011/04,0.06,0.06,0.08,754.5,0.8,8.8,27.30,179758755.10,167780081.04,436,556,2.02,0.03
2011/05,0.06,0.06,0.08,760.1,5.6,10.5,27.30,185555740.16,87716398.02,599,707,2.01,0.02
2011/06,0.06,0.06,0.08,772.1,12,14.2,27.40,219893581.67,199714299.15,598,719,2.04,0.02
2011/07,0.06,0.06,0.08,785.5,13.4,15.7,27.20,188657048.10,138467611.08,526,658,2.05,0.02
2011/08,0.06,0.06,0.08,792.4,6.9,21,27.30,270083662.75,155404074.05,1058,1237,2.06,0.03
2011/09,0.06,0.06,0.08,788.7,-3.7,24,27.40,256878365.51,128525989.15,632,810,2.05,0.03
2011/10,0.06,0.05,0.07,788.7,0,29.4,27.80,210341390.71,107450894.84,857,981,2.15,0.03
2011/11,0.05,0.05,0.07,790.3,1.6,32.8,28.30,168327815.79,83749868.50,976,1106,2.17,0.03
2011/12,0.05,0.05,0.07,792.3,2,35,28.50,178109756.90,310572010.69,813,970,2.20,0.03
2012/01,0.05,0.05,0.07,791.7,-0.6,37.8,28.70,153217065.30,80480234.05,697,786,2.18,0.03
2012/02,0.05,0.05,0.08,790.4,-1.3,38.1,28.70,191778385.33,183630864.78,1028,1345,2.16,0.02
2012/03,0.05,0.05,0.08,792.9,2.5,39.2,28.70,218654706.50,164057005.23,976,1069,2.20,0.02
2012/04,0.05,0.05,0.08,795.1,2.2,40.6,28.60,241853635.72,365319110.57,1508,1711,2.17,0.01
2012/05,0.05,0.05,0.08,806,10.9,45.9,28.70,284881582.00,247449042.70,593,949,2.21,0.00
2012/06,0.05,0.05,0.07,815.3,9.3,43.2,28.90,211876356.02,137845679.36,1002,1184,2.19,0.01
2012/07,0.05,0.04,0.07,820.6,5.3,35.1,29.10,213086291.91,154397031.35,734,910,2.23,0.01
2012/08,0.05,0.05,0.08,818.4,-2.2,26,29.30,302928112.50,165879688.84,825,1039,2.22,0.01
2012/09,0.05,0.05,0.07,813.4,-5,24.7,29.60,226483822.56,75465814.10,803,1012,2.22,0.01
2012/10,0.05,0.05,0.07,812.7,-0.7,24,29.80,185002697.50,89528648.97,783,980,2.23,0.00
2012/11,0.05,0.04,0.07,812.6,-0.1,22.3,29.80,187098774.74,102094060.22,727,990,2.26,0.00
2012/12,0.05,0.04,0.07,814.5,1.9,22.2,29.80,175062306.15,110195829.00,625,866,2.28,-0.00
2013/01,0.05,0.04,0.07,811.6,-2.9,19.9,29.70,139325590.28,136506452.89,534,719,2.29,-0.00
2013/02,0.05,0.05,0.07,811.3,-0.3,20.9,29.80,165144284.20,268554223.94,613,896,2.36,0.01
2013/03,0.05,0.05,0.08,807.3,-4,14.4,30.00,330918571.20,134873006.28,617,890,2.34,0.01
2013/04,0.05,0.05,0.08,812.6,5.3,17.5,30.10,288376013.71,425677093.89,904,1067,2.40,0.01
2013/05,0.05,0.05,0.08,817.9,5.3,11.9,30.20,293071190.97,107881041.96,716,1078,2.43,0.02
2013/06,0.05,0.04,0.07,827.3,9.4,12,30.40,300981066.33,151896876.45,738,912,2.38,0.03
2013/07,0.05,0.05,0.07,834.6,7.3,14,30.30,294356155.89,499692301.56,927,1385,2.41,0.03
2013/08,0.05,0.05,0.07,839.4,4.8,21,30.10,286768381.14,191725464.62,724,982,2.40,0.02
2013/09,0.05,0.05,0.07,840.7,1.3,27.3,30.10,357175390.19,150032017.05,704,904,2.37,0.02
2013/10,0.05,0.04,0.07,838.7,-2,26,30.10,359579193.30,116787752.50,793,1162,2.42,0.01
2013/11,0.04,0.04,0.06,836.8,-1.9,24.2,30.00,382884541.84,166983463.69,1451,1693,2.45,0.02
2013/12,0.04,0.04,0.07,837,0.2,22.5,29.40,228287293.49,239146496.62,659,896,2.41,0.03
2014/01,0.05,0.05,0.07,834.8,-2.2,23.2,29.30,433607072.72,136082575.54,1131,1328,2.47,0.03
2014/02,0.05,0.05,0.07,829.1,-5.7,17.8,29.40,202840310.79,134797498.10,1063,1270,2.48,0.03
2014/03,0.05,0.05,0.08,824.8,-4.3,17.5,29.50,226475077.92,160395728.08,1219,1667,2.50,0.05
2014/04,0.06,0.05,0.08,824.6,-0.2,12,29.80,345907113.86,185217058.05,1238,1592,2.46,0.03
2014/05,0.06,0.05,0.08,833,8.4,15.1,29.90,398610193.83,188397697.15,757,1030,2.49,0.03
2014/06,0.05,0.05,0.07,844,11,16.7,30.30,285641981.35,462051276.72,2155,2407,2.53,0.02
2014/07,0.05,0.05,0.07,853.3,9.3,18.7,30.30,352946946.37,289109279.51,1101,1354,2.56,0.03
2014/08,0.05,0.05,0.07,853.9,0.6,14.5,30.40,500971321.82,202443887.63,1318,1627,2.57,0.03
2014/09,0.05,0.05,0.07,851.8,-2.1,11.1,30.30,296068183.82,212766052.88,1322,1528,2.60,0.03
2014/10,0.05,0.05,0.07,845.9,-5.9,7.2,30.40,576611089.73,134231398.19,1147,1410,2.61,0.03
2014/11,0.04,0.04,0.06,845,-0.9,8.2,30.50,269395158.23,103499041.56,827,1078,2.62,0.02
2014/12,0.05,0.04,0.06,846.1,1.1,9.1,30.80,226101842.64,177234158.61,555,840,2.59,0.02
2015/01,0.05,0.05,0.07,852.1,6,17.3,31.10,148796620.36,97464961.10,576,747,2.44,0.01
2015/02,0.05,0.05,0.07,853,0.9,23.9,31.40,153048881.42,96936805.30,556,791,2.47,0.01
2015/03,0.05,0.06,0.07,854.8,1.8,30,31.20,392914807.44,228291569.74,1356,1639,2.51,-0.00
2015/04,0.06,0.06,0.07,860.3,5.5,35.7,31.30,305711115.30,249522223.22,570,777,2.49,0.01
2015/05,0.06,0.06,0.07,868.5,8.2,35.5,31.00,117991407.24,218099440.62,745,1058,2.47,0.00
2015/06,0.06,0.06,0.07,872.3,3.8,28.3,31.30,270369992.67,350263437.55,1230,1616,2.51,0.02
2015/07,0.07,0.06,0.07,873.2,0.9,19.9,31.20,350938678.15,225016721.88,607,770,2.50,0.01
2015/08,0.07,0.06,0.07,870,-3.2,16.1,31.20,298596310.25,124793721.25,910,1134,2.48,0.02
2015/09,0.07,0.06,0.07,865.5,-4.5,13.7,31.10,312715715.70,183482004.37,1099,1299,2.45,0.01
2015/10,0.07,0.06,0.07,854.2,-11.3,8.3,31.10,900327540.50,469789437.95,881,1078,2.42,0.02
2015/11,0.06,0.06,0.06,844.1,-10.1,-0.9,31.40,92870442.30,118426955.10,994,1368,2.44,0.02
2015/12,0.06,0.06,0.06,835,-9.1,-11.1,31.70,179374538.68,226452721.08,604,756,2.40,0.02
2016/01,0.08,0.07,0.07,825.5,-9.5,-26.6,32.00,92092531.81,73353372.00,441,567,2.38,0.02
2016/02,0.08,0.08,0.07,821.4,-4.1,-31.6,32.10,88515822.63,74961729.73,461,589,2.35,0.01
2016/03,0.09,0.08,0.08,820.3,-1.1,-34.5,32.40,105311287.92,134360542.57,317,411,2.37,0.01
2016/04,0.08,0.08,0.08,823.4,3.1,-36.9,32.30,305474664.80,263864337.02,682,815,2.45,0.01
2016/05,0.08,0.08,0.08,827,3.6,-41.5,32.30,159485699.16,82234223.80,557,648,2.44,0.01
2016/06,0.08,0.08,0.07,829.2,2.2,-43.1,32.00,164099389.18,156558733.72,660,830,2.44,0.01
2016/07,0.09,0.08,0.07,834.4,5.2,-38.8,31.80,145806114.82,145049535.80,936,1091,2.42,0.01
2016/08,0.10,0.09,0.07,835,0.6,-35,31.50,149698739.44,186358468.85,584,742,2.45,0.01
2016/09,0.10,0.09,0.07,834.7,-0.3,-30.8,31.10,348183058.12,187997011.50,951,1205,2.42,0.00
2016/10,0.10,0.08,0.07,834,-0.7,-20.2,31.00,924410962.66,381529036.10,485,627,2.44,0.00
2016/11,0.10,0.08,0.06,838.1,4.1,-6,31.00,58385218.28,42162344.68,626,745,2.46,0.00
2016/12,0.10,0.08,0.06,844.7,6.6,9.7,31.30,76536726.26,92000922.57,816,975,2.53,0.01
2017/01,0.10,0.08,0.07,844.3,-0.4,18.8,31.40,111499427.62,100215211.79,238,426,2.67,0.02
2017/02,0.09,0.09,0.07,840.8,-3.5,19.4,31.80,124621028.60,78634884.15,369,508,2.68,0.02
2017/03,0.10,0.09,0.07,836,-4.8,15.7,32.10,168603333.51,208681885.33,1042,1145,2.67,0.01
2017/04,0.09,0.09,0.07,839.3,3.3,15.9,32.30,148636257.39,113631901.67,909,1099,2.73,0.02
2017/05,0.10,0.09,0.07,846.7,7.4,19.7,32.00,216686190.82,161141140.53,794,957,2.75,0.01
2017/06,0.09,0.08,0.06,855.7,9,26.5,31.60,234741523.73,93358532.60,1226,1390,2.76,0.01
2017/07,0.09,0.08,0.06,862.2,6.5,27.8,31.80,172651729.78,119017707.10,925,1146,2.73,0.01
2017/08,0.09,0.08,0.06,861.2,-1,26.2,31.90,261389410.89,76999614.71,650,809,2.68,0.01
2017/09,0.09,0.08,0.06,857.2,-4,22.5,32.10,217305623.53,943363552.39,730,914,2.73,0.01
2017/10,0.08,0.08,0.06,849.6,-7.6,15.6,32.10,182297337.49,155604103.35,777,953,2.73,0.01
2017/11,0.08,0.07,0.06,848.1,-1.5,10,32.00,264694381.56,112791778.17,1342,1504,2.70,0.03
2017/12,0.08,0.07,0.06,854.5,6.4,9.8,32.20,231436214.35,64607723.19,456,683,2.68,0.02
2018/01,0.08,0.07,0.06,861.4,6.9,17.1,32.10,137980645.29,54520699.73,488,651,2.73,0.01
2018/02,0.08,0.07,0.06,862.6,1.2,21.8,32.10,265526340.65,74240041.03,424,578,2.71,0.02
2018/03,0.08,0.07,0.06,858.1,-4.5,22.1,32.00,331084477.19,109635935.31,716,831,2.67,0.02
2018/04,0.07,0.07,0.06,858.5,0.4,19.2,31.90,202356709.29,235658341.92,1075,1203,2.68,0.02
2018/05,0.07,0.06,0.06,863.7,5.2,17,32.10,554998352.04,162834957.08,1469,1649,2.81,0.03
2018/06,0.07,0.06,0.06,865.2,1.5,9.5,32.00,221980525.32,172698281.07,889,1067,2.75,0.03
2018/07,0.08,0.07,0.06,863.1,-2.1,0.9,32.10,232171747.49,211586638.15,895,1010,2.72,0.03
2018/08,0.08,0.07,0.06,860.3,-2.8,-0.9,31.80,196906944.26,153747060.74,986,1096,2.67,0.03
2018/09,0.08,0.07,0.06,862.4,2.1,5.2,31.90,170043035.92,98526149.42,719,834,2.66,0.03
2018/10,0.08,0.07,0.06,863.7,1.3,14.1,32.00,221822225.02,110022943.00,583,686,2.60,0.03
2018/11,0.07,0.06,0.05,867.1,3.4,19,32.40,241539832.79,138606152.14,716,836,2.67,0.01
2018/12,0.07,0.06,0.05,866.2,-0.9,11.7,32.60,150166210.49,85589762.85,390,530,2.71,0.02
2019/01,0.07,0.06,0.06,866.1,-0.1,4.7,32.90,125334160.19,132910866.71,642,700,2.66,0.01
2019/02,0.08,0.07,0.06,865.1,-1,2.5,32.80,155540053.51,201399388.16,520,602,2.69,0.01
2019/03,0.08,0.07,0.06,864.2,-0.9,6.1,32.80,200978516.25,141753262.42,465,520,2.74,0.02
2019/04,0.08,0.07,0.06,876.6,12.4,18.1,33.00,222534793.81,153171016.59,863,955,2.80,0.02
2019/05,0.07,0.07,0.06,890.2,13.6,26.5,33.00,187895607.10,143470686.49,725,812,2.82,0.02
2019/06,0.06,0.07,0.06,904,13.8,38.8,33.20,214912283.15,151062622.16,965,1111,2.79,0.01
2019/07,0.07,0.07,0.06,910.1,6.1,47,33.00,256937899.61,82947422.39,608,691,2.82,0.01
2019/08,0.08,0.07,0.06,903.2,-6.9,42.9,33.10,183578809.88,165639614.80,959,1051,2.83,0.01
2019/09,0.08,0.07,0.06,902,-1.2,39.6,33.10,291049464.60,109225630.63,1398,1565,2.74,0.01
2019/10,0.07,0.07,0.06,896.5,-5.5,32.8,33.10,350767061.08,113591082.81,714,818,2.76,0.01
2019/11,0.06,0.06,0.05,898.4,1.9,31.3,33.40,774775914.39,346422454.26,805,954,2.74,0.02
2019/12,0.06,0.06,0.05,894.2,-4.2,28,33.20,141530532.01,154996810.49,1968,2130,2.83,0.02
2020/01,0.07,0.07,0.06,883,-11.2,16.9,33.40,134761055.88,74236876.97,589,642,2.82,0.03
2020/02,0.07,0.07,0.06,870.4,-12.6,5.3,33.50,143558668.77,190549440.63,515,646,2.76,0.02
2020/03,0.09,0.08,0.07,846.7,-23.7,-17.5,34.10,151196484.76,59327472.77,814,944,2.33,0.01
2020/04,0.11,0.10,0.10,805.9,-40.8,-70.7,34.60,185618151.22,110951148.81,481,575,1.94,-0.01
2020/05,0.13,0.13,0.12,776.4,-29.5,-113.8,35.40,156204779.26,77246942.75,640,721,2.45,0.00
2020/06,0.15,0.15,0.13,772.8,-3.6,-131.2,35.80,224262060.18,48472665.96,288,425,2.85,0.02
2020/07,0.15,0.14,0.12,805.5,32.7,-104.6,35.50,211737110.95,113262105.98,650,737,2.93,0.01
2020/08,0.14,0.13,0.11,831,25.5,-72.2,35.10,235797326.46,96331480.96,641,736,2.77,0.01
2020/09,0.13,0.12,0.10,851.5,20.5,-50.5,34.90,216034430.10,105098366.06,921,1035,3.06,0.01
2020/10,0.12,0.11,0.09,864.5,13,-32,35.00,195635608.88,129863945.89,869,982,3.06,0.01
2020/11,0.11,0.10,0.08,875.5,11,-22.9,34.80,222826262.05,61962290.83,827,952,3.08,0.01
2020/12,0.10,0.10,0.08,871.3,-4.2,-22.9,34.70,226550613.90,46438250.01,704,840,3.04,0.01
2021/01,0.10,0.11,0.09,860.3,-11,-22.7,34.60,206940210.06,87912540.63,1005,1122,3.07,0.01
2021/02,0.11,0.11,0.09,848.3,-12,-22.1,35.10,231245953.88,437127919.01,499,642,3.09,0.00
2021/03,0.11,0.11,0.09,845,-3.3,-1.7,34.90,312017814.55,112176383.31,902,1058,3.07,0.02
2021/04,0.10,0.10,0.08,846.4,1.4,40.5,34.80,301073825.66,107009210.88,1105,1299,3.06,0.03
2021/05,0.09,0.09,0.08,853.4,7,77,34.40,307002831.70,148792517.98,1275,1581,2.96,0.03
2021/06,0.09,0.09,0.08,858.6,5.2,85.8,34.10,378323744.00,684724047.67,932,1173,3.03,0.03
2021/07,0.09,0.08,0.08,863.3,4.7,57.8,34.20,383846866.75,52246246.64,1225,1404,2.96,0.04
2021/08,0.10,0.08,0.08,870,6.7,39,34.20,259847889.81,86912061.16,912,1110,2.98,0.05
2021/09,0.09,0.08,0.07,882.3,12.3,30.8,34.70,312576138.22,45999714.31,829,1026,3.07,0.04
2021/10,0.08,0.08,0.07,896.2,13.9,31.7,34.70,291332993.64,92417825.01,1064,1255,3.22,0.04
2021/11,0.08,0.07,0.06,894.2,-2,18.7,35.00,320741900.68,76646032.45,2018,2192,3.24,0.04
2021/12,0.07,0.07,0.06,894.5,0.3,23.2,35.10,271638691.47,111700605.04,956,1155,3.13,0.05
2022/01,0.08,0.07,0.06,886.2,-8.3,25.9,35.20,287914191.13,81851763.83,465,561,3.15,0.05
2022/02,0.07,0.07,0.06,894.7,8.5,46.4,35.10,246566265.73,127282963.01,1011,1159,3.21,0.06
2022/03,0.08,0.07,0.06,895.4,0.7,50.4,35.30,452168378.55,148310081.80,1090,1242,3.26,0.07
2022/04,0.07,0.07,0.06,907.6,12.2,61.2,35.60,370968646.44,120213449.84,1299,1511,3.27,0.07
2022/05,0.06,0.06,0.05,918.8,11.2,65.4,36.10,356251814.85,128730131.06,1577,1769,3.44,0.08
2022/06,0.05,0.06,0.05,938.7,19.9,80.1,35.90,435749200.72,205225501.58,1666,1883,3.45,0.10
2022/07,0.05,0.05,0.05,957.1,18.4,93.8,35.50,320745705.12,107270956.47,1630,1879,3.59,0.08
2022/08,0.05,0.05,0.05,963.8,6.7,93.8,35.40,335054375.09,292574063.92,808,1182,3.52,0.07
1976/08,,,,,,,,,,,707,,0.07
1976/09,,,,,,,,,,,692,,0.07
1976/10,,,,,,,,,,,1228,,0.07
1976/11,,,,,,,,,,,1055,,0.06
1976/12,,,,,,,,,,,654,,0.06
1977/01,,,,,,,,,,,329,,0.07
1972/01,,,,,,,,,,,322,,0.04
1972/02,,,,,,,,,,,527,,0.04
1972/03,,,,,,,,,,,590,,0.03
1972/04,,,,,,,,,,,580,,0.04
1972/05,,,,,,,,,,,915,,0.04
1972/06,,,,,,,,,,,1147,,0.04
1972/07,,,,,,,,,,,609,,0.04
1972/08,,,,,,,,,,,567,,0.04
1972/09,,,,,,,,,,,455,,0.04
1972/10,,,,,,,,,,,412,,0.05
1972/11,,,,,,,,,,,532,,0.05
1972/12,,,,,,,,,,,391,,0.05
1973/01,,,,,,,,,,,454,,0.06
1973/02,,,,,,,,,,,424,,0.05
1973/03,,,,,,,,,,,571,,0.06
1973/04,,,,,,,,,,,710,,0.06
1973/05,,,,,,,,,,,641,,0.06
1973/06,,,,,,,,,,,818,,0.07
1973/07,,,,,,,,,,,488,,0.07
1973/08,,,,,,,,,,,557,,0.07
1973/09,,,,,,,,,,,347,,0.09
1973/10,,,,,,,,,,,883,,0.08
1973/11,,,,,,,,,,,696,,0.07
1973/12,,,,,,,,,,,392,,0.08
1974/01,,,,,,,,,,,692,,0.08
1974/02,,,,,,,,,,,413,,0.08
1974/03,,,,,,,,,,,623,,0.08
1974/04,,,,,,,,,,,824,,0.09
1974/05,,,,,,,,,,,510,,0.10
1974/06,,,,,,,,,,,948,,0.10
1974/07,,,,,,,,,,,549,,0.10
1974/08,,,,,,,,,,,374,,0.10
1978/06,,,,,,,,,,,1312,,0.09
1978/07,,,,,,,,,,,1428,,0.09
1978/08,,,,,,,,,,,1128,,0.08
1978/09,,,,,,,,,,,1628,,0.09
1978/10,,,,,,,,,,,923,,0.08
1978/11,,,,,,,,,,,1798,,0.08
1974/09,,,,,,,,,,,357,,0.10
1974/10,,,,,,,,,,,415,,0.12
1974/11,,,,,,,,,,,412,,0.13
1974/12,,,,,,,,,,,370,,0.12
1975/01,,,,,,,,,,,299,,0.12
1975/02,,,,,,,,,,,312,,0.12
1975/03,,,,,,,,,,,432,,0.11
1975/04,,,,,,,,,,,551,,0.12
1975/05,,,,,,,,,,,489,,0.10
1975/06,,,,,,,,,,,653,,0.11
1975/07,,,,,,,,,,,623,,0.11
1975/08,,,,,,,,,,,586,,0.12
1975/09,,,,,,,,,,,791,,0.12
1975/10,,,,,,,,,,,878,,0.11
1975/11,,,,,,,,,,,657,,0.11
1975/12,,,,,,,,,,,1601,,0.11
1976/01,,,,,,,,,,,429,,0.10
1976/02,,,,,,,,,,,969,,0.10
1976/03,,,,,,,,,,,931,,0.11
1976/04,,,,,,,,,,,1696,,0.10
1976/05,,,,,,,,,,,797,,0.10
1976/06,,,,,,,,,,,917,,0.09
1976/07,,,,,,,,,,,1285,,0.08
1977/02,,,,,,,,,,,579,,0.07
1977/03,,,,,,,,,,,468,,0.08
1977/04,,,,,,,,,,,1227,,0.09
1977/05,,,,,,,,,,,1246,,0.08
1977/06,,,,,,,,,,,1200,,0.08
1977/07,,,,,,,,,,,1489,,0.09
1977/08,,,,,,,,,,,1405,,0.09
1977/09,,,,,,,,,,,1202,,0.09
1977/10,,,,,,,,,,,849,,0.09
1977/11,,,,,,,,,,,1723,,0.09
1977/12,,,,,,,,,,,1473,,0.09
1978/01,,,,,,,,,,,2003,,0.08
1978/02,,,,,,,,,,,1170,,0.08
1978/03,,,,,,,,,,,1316,,0.09
1978/04,,,,,,,,,,,905,,0.08
1978/05,,,,,,,,,,,917,,0.08
1983/12,,,,,,,,,,,104,,0.03
1984/01,,,,,,,,,,,142,,0.03
1984/02,,,,,,,,,,,57,,0.04
1984/03,,,,,,,,,,,127,,0.03
1984/04,,,,,,,,,,,105,,0.02
1984/05,,,,,,,,,,,306,,0.02
1984/06,,,,,,,,,,,202,,0.02
1978/12,,,,,,,,,,,854,,0.08
1979/01,,,,,,,,,,,1519,,0.08
1979/02,,,,,,,,,,,713,,0.09
1979/03,,,,,,,,,,,1016,,0.08
1979/04,,,,,,,,,,,800,,0.09
1979/05,,,,,,,,,,,809,,0.09
1979/06,,,,,,,,,,,1029,,0.08
1979/07,,,,,,,,,,,953,,0.08
1979/08,,,,,,,,,,,1363,,0.08
1979/09,,,,,,,,,,,821,,0.09
1979/10,,,,,,,,,,,909,,0.09
1979/11,,,,,,,,,,,1289,,0.09
1979/12,,,,,,,,,,,1162,,0.09
1980/01,,,,,,,,,,,419,,0.10
1980/02,,,,,,,,,,,668,,0.09
1980/03,,,,,,,,,,,924,,0.09
1980/04,,,,,,,,,,,661,,0.09
1980/05,,,,,,,,,,,908,,0.09
1980/06,,,,,,,,,,,1185,,0.10
1980/07,,,,,,,,,,,958,,0.10
1980/08,,,,,,,,,,,937,,0.11
1980/09,,,,,,,,,,,905,,0.11
1980/10,,,,,,,,,,,1120,,0.12
1980/11,,,,,,,,,,,1472,,0.13
1980/12,,,,,,,,,,,947,,0.13
1981/01,,,,,,,,,,,998,,0.13
1985/01,,,,,,,,,,,118,,0.02
1985/02,,,,,,,,,,,73,,0.02
1985/03,,,,,,,,,,,66,,0.03
1985/04,,,,,,,,,,,76,,0.03
1985/05,,,,,,,,,,,202,,0.03
1981/02,,,,,,,,,,,847,,0.13
1981/03,,,,,,,,,,,919,,0.14
1981/04,,,,,,,,,,,1640,,0.14
1981/05,,,,,,,,,,,1455,,0.13
1981/06,,,,,,,,,,,1718,,0.14
1981/07,,,,,,,,,,,1364,,0.14
1981/08,,,,,,,,,,,1260,,0.14
1981/09,,,,,,,,,,,1611,,0.14
1981/10,,,,,,,,,,,1252,,0.13
1981/11,,,,,,,,,,,650,,0.12
1981/12,,,,,,,,,,,1458,,0.12
1982/01,,,,,,,,,,,635,,0.13
1982/02,,,,,,,,,,,536,,0.13
1982/03,,,,,,,,,,,619,,0.14
1982/04,,,,,,,,,,,1221,,0.13
1982/05,,,,,,,,,,,998,,0.13
1982/06,,,,,,,,,,,2036,,0.13
1982/07,,,,,,,,,,,875,,0.12
1982/08,,,,,,,,,,,499,,0.12
1982/09,,,,,,,,,,,333,,0.12
1982/10,,,,,,,,,,,485,,0.11
1982/11,,,,,,,,,,,892,,0.10
1982/12,,,,,,,,,,,470,,0.09
1983/01,,,,,,,,,,,787,,0.08
1983/02,,,,,,,,,,,229,,0.07
1983/03,,,,,,,,,,,522,,0.06
1983/04,,,,,,,,,,,500,,0.06
1983/05,,,,,,,,,,,1076,,0.06
1983/06,,,,,,,,,,,699,,0.04
1983/07,,,,,,,,,,,161,,0.04
1983/08,,,,,,,,,,,208,,0.03
1983/09,,,,,,,,,,,176,,0.02
1983/10,,,,,,,,,,,176,,0.02
1983/11,,,,,,,,,,,244,,0.02
1984/07,,,,,,,,,,,209,,0.03
1984/08,,,,,,,,,,,192,,0.03
1984/09,,,,,,,,,,,172,,0.03
1984/10,,,,,,,,,,,119,,0.02
1984/11,,,,,,,,,,,102,,0.02
1984/12,,,,,,,,,,,70,,0.02
2024/05,0.08,0.07,0.06,990.8,13.5,43.9,38.70,400911094.54,105689098.75,1637,1996,3.54,0.04
1989/03,0.08,0.08,0.09,409.6,,,,,,,407,,0.02
1989/04,0.07,0.08,0.09,413.3,,,,,,,358,,0.02
1989/05,0.07,0.08,0.08,418.7,,,,,,,633,,0.03
1989/06,0.07,0.07,0.08,421.8,,,,,,,572,,0.04
1989/07,0.07,0.07,0.07,423.5,,,,,,,741,,0.05
1985/06,,,,,,,,,,,152,,0.03
1985/07,,,,,,,,,,,234,,0.03
1985/08,,,,,,,,,,,243,,0.03
1985/09,,,,,,,,,,,283,,0.03
1985/10,,,,,,,,,,,304,,0.03
1985/11,,,,,,,,,,,336,,0.03
1985/12,,,,,,,,,,,231,,0.03
1986/01,,,,,,,,,,,225,,0.04
1986/02,,,,,,,,,,,177,,0.04
1986/03,,,,,,,,,,,251,,0.04
1986/04,,,,,,,,,,,196,,0.03
1986/05,,,,,,,,,,,278,,0.03
1986/06,,,,,,,,,,,159,,0.03
1986/07,,,,,,,,,,,146,,0.04
1986/08,,,,,,,,,,,176,,0.04
1986/09,,,,,,,,,,,169,,0.04
1986/10,,,,,,,,,,,176,,0.04
1986/11,,,,,,,,,,,286,,0.03
1986/12,,,,,,,,,,,440,,0.04
1987/01,,,,,,,,,,,97,,0.03
1987/02,,,,,,,,,,,104,,0.03
1987/03,0.12,0.12,0.11,373.2,,,,,,,223,,0.03
1987/04,0.11,0.11,0.10,376.4,,,,,,,182,,0.04
1987/05,0.10,0.11,0.10,384.6,,,,,,,408,,0.04
1987/06,0.09,0.10,0.09,387.8,,,,,,,389,,0.05
1987/07,0.09,0.10,0.09,393.8,,,,,,,367,,0.04
1987/08,0.09,0.10,0.08,394.8,,,,,,,413,,0.04
1987/09,0.09,0.09,0.08,396.8,,,,,,,317,,0.04
1987/10,0.08,0.09,0.08,398,,,,,,,320,,0.03
1987/11,0.07,0.08,0.08,399.1,,,,,,,404,,0.04
1987/12,0.07,0.08,0.08,401.3,,,,,,,242,,0.04
1988/01,0.07,0.08,0.08,397.9,,,,,,,290,,0.04
1988/02,0.08,0.09,0.09,396.5,,,,,,,214,,0.04
1988/03,0.08,0.09,0.09,393.6,,,,,,,183,,0.04
1989/11,0.06,0.06,0.07,410.5,,,,,,,710,,0.06
1989/12,0.06,0.06,0.07,414.4,,,,,,,470,,0.07
1990/01,0.06,0.07,0.08,413,,,,,,735,813,,0.07
1990/02,0.07,0.07,0.08,411.5,,,,,,578,619,,0.07
1988/04,0.08,0.09,0.09,394.1,,,,,,,334,,0.04
1988/05,0.08,0.09,0.08,396,,,,,,,217,,0.03
1988/06,0.07,0.08,0.08,401.1,,,,,,,343,,0.02
1988/07,0.08,0.08,0.08,406.7,,,,,,,241,,0.02
1988/08,0.08,0.08,0.08,410.7,,,,,,,439,,0.02
1988/09,0.08,0.08,0.08,410.3,,,,,,,396,,0.02
1988/10,0.08,0.08,0.07,409.5,,,,,,,377,,0.02
1988/11,0.08,0.07,0.07,405.4,,,,,,,455,,0.02
1988/12,0.08,0.08,0.07,405.7,,,,,,,311,,0.01
1989/01,0.08,0.08,0.08,404.5,,,,,,,297,,0.01
1989/02,0.07,0.08,0.08,407.8,,,,,,,301,,0.02
1989/08,0.08,0.07,0.07,421.3,,,,,,,469,,0.05
1989/09,0.08,0.07,0.07,415.1,,,,,,,543,,0.05
1989/10,0.07,0.07,0.07,413.4,,,,,,,727,,0.05
2024/07,0.07,0.07,0.06,999.3,2.3,21.8,38.90,488908950.48,134006766.59,2081,2471,3.65,0.03
1991/10,0.08,0.08,0.10,425.2,,,,,,335,419,,0.05
1991/11,0.09,0.08,0.10,418.6,,,,,,412,452,,0.04
1991/12,0.09,0.09,0.10,414.1,,,,,,362,416,,0.04
1992/01,0.10,0.09,0.11,408,,,,,,258,300,,0.01
1990/03,0.07,0.07,0.09,410.7,,,,,,684,730,,0.06
1990/04,0.07,0.07,0.08,413.4,,,,,,896,963,,0.07
1990/05,0.07,0.07,0.08,417.5,,,,,,843,906,,0.06
1990/06,0.06,0.07,0.08,422.2,,,,,,361,434,,0.06
1990/07,0.07,0.07,0.08,425.7,,,,,,402,447,,0.05
1990/08,0.07,0.06,0.08,428.3,,,,,,457,493,,0.06
1990/09,0.07,0.07,0.08,428.6,,,,,,288,446,,0.06
1990/10,0.07,0.07,0.08,426.6,,,,,,315,380,,0.06
1990/11,0.07,0.07,0.08,425.1,,,,,,422,474,,0.07
1990/12,0.07,0.07,0.09,423.1,,,,,,278,299,,0.06
1991/01,0.08,0.08,0.10,423,,,,,,134,170,,0.08
1991/02,0.08,0.08,0.10,420.3,,,,,,219,230,,0.07
1991/03,0.08,0.08,0.11,417.9,,,,,,324,324,,0.07
1991/04,0.08,0.08,0.11,416.8,,,,,,360,363,,0.06
1991/05,0.08,0.08,0.11,419.5,,,,,,454,535,,0.07
1991/06,0.08,0.08,0.10,424.3,,,,,,473,534,,0.06
1991/07,0.08,0.08,0.10,427.5,,,,,,381,422,,0.06
1991/08,0.09,0.08,0.10,429.9,,,,,,398,462,,0.06
1991/09,0.09,0.08,0.10,427.3,,,,,,344,423,,0.06
2024/08,0.07,0.07,0.07,1007,7.7,16.3,38.90,585568478.74,174633124.42,1437,1675,,0.02
2022/09,0.06,0.05,0.05,961,-2.8,78.7,35.80,287074547.66,253065860.51,1392,1679,3.49,0.07
2022/10,0.06,0.05,0.05,955.1,-5.9,58.9,36.50,333452063.65,82259277.11,1427,1688,3.56,0.07
2022/11,0.06,0.05,0.05,950.7,-4.4,56.5,36.90,298219825.60,81111569.78,1501,1673,3.55,0.07
2022/12,0.06,0.05,0.05,940.4,-10.3,45.9,37.10,268663931.61,77365984.70,901,1080,3.56,0.07
2023/01,0.06,0.06,0.05,923.5,-16.9,37.3,36.80,245348077.38,78967764.61,1098,1295,3.69,0.06
2023/02,0.07,0.06,0.05,914.3,-9.2,19.6,36.50,273547134.68,125362128.77,1032,1238,3.46,0.04
2023/03,0.07,0.06,0.05,916.3,2,20.9,36.20,342615396.72,140049719.89,937,1094,3.39,0.04
2023/04,0.06,0.06,0.05,931.9,15.6,24.3,36.30,413368454.52,109729397.25,904,1164,3.39,0.05
2023/05,0.06,0.06,0.05,946.9,15,28.1,36.10,483435713.28,106588927.01,1836,2076,3.49,0.03
2023/06,0.06,0.06,0.05,966,19.1,27.3,36.00,395633065.29,83305426.69,1025,1239,3.43,0.02
2023/07,0.06,0.06,0.05,977.5,11.5,20.4,35.70,332245338.44,123344164.35,1444,1621,3.36,0.03
2023/08,0.06,0.06,0.06,990.7,13.2,26.9,36.10,561750506.10,211805287.22,1486,1680,3.44,0.05
2023/09,0.06,0.06,0.06,983.4,-7.3,22.4,36.80,346825794.77,176903406.63,2486,2734,3.45,0.04
2023/10,0.06,0.06,0.06,975.6,-7.8,20.5,37.30,370333178.81,90200733.48,1641,2137,3.52,0.03
2023/11,0.05,0.05,0.05,965.2,-10.4,14.5,37.40,355786087.37,163101286.00,1549,1808,3.45,0.03
2023/12,0.05,0.06,0.05,965,-0.2,24.6,36.90,335719575.27,106885265.92,1241,1493,3.42,0.04
2024/01,0.06,0.06,0.06,968.5,3.5,45,36.90,329729985.97,128337188.57,1491,1951,3.46,0.04
2024/02,0.06,0.06,0.06,963.6,-4.9,49.3,37.00,471851756.77,188177695.80,1328,1674,3.35,0.05
2024/03,0.07,0.07,0.06,971.2,7.6,54.9,37.60,454920370.33,356523961.33,1535,1760,3.42,0.04
2024/04,0.08,0.07,0.06,977.3,6.1,45.4,38.10,893854198.02,387652626.91,1467,1831,3.52,0.04
2024/06,0.08,0.07,0.06,997,6.2,31,38.90,457869322.20,212348013.46,1496,1966,3.58,0.04
